timestamp,distance,label
2026-02-22T17:36:07,0.060070,empty
2026-02-22T17:36:08,0.060070,empty
2026-02-22T17:36:09,0.060070,empty
2026-02-22T17:36:09,0.060070,empty
2026-02-22T17:36:10,0.060070,empty
2026-02-22T17:36:10,0.060070,empty
2026-02-22T17:36:11,0.060070,empty
2026-02-22T17:36:11,0.060070,empty
2026-02-22T17:36:12,0.060070,empty
2026-02-22T17:36:12,0.060070,empty
2026-02-22T17:36:13,0.060070,empty
2026-02-22T17:36:13,0.060070,empty
2026-02-22T17:36:14,0.060070,empty
2026-02-22T17:36:14,0.060070,empty
2026-02-22T17:36:15,0.060070,empty
2026-02-22T17:36:15,0.060070,empty
2026-02-22T17:36:16,0.060070,empty
2026-02-22T17:36:16,0.060070,empty
2026-02-22T17:36:17,0.060070,empty
2026-02-22T17:36:17,0.060070,empty
2026-02-22T17:36:18,0.060070,empty
2026-02-22T17:36:18,0.060070,empty
2026-02-22T17:36:19,0.060070,empty
2026-02-22T17:36:19,0.060070,empty
2026-02-22T17:36:20,0.060070,empty
2026-02-22T17:36:20,0.060070,empty
2026-02-22T17:36:21,0.060070,empty
2026-02-22T17:36:21,0.060070,empty
2026-02-22T17:36:22,0.060070,empty
2026-02-22T17:36:22,0.060070,empty
2026-02-22T17:36:23,0.060070,empty
2026-02-22T17:36:23,0.060070,empty
2026-02-22T17:36:24,0.060070,empty
2026-02-22T17:36:24,0.060070,empty
2026-02-22T17:36:25,0.060070,empty
2026-02-22T17:36:25,0.060070,empty
2026-02-22T17:36:26,0.060070,empty
2026-02-22T17:36:26,0.060070,empty
2026-02-22T17:36:27,0.060070,empty
2026-02-22T17:36:27,0.060070,empty
2026-02-22T17:36:28,0.060070,empty
2026-02-22T17:36:28,0.060070,empty
2026-02-22T17:36:29,0.060070,empty
2026-02-22T17:36:29,0.060070,empty
2026-02-22T17:36:30,0.060070,empty
2026-02-22T17:36:30,0.060070,empty
2026-02-22T17:36:31,0.060070,empty
2026-02-22T17:36:31,0.060070,empty
2026-02-22T17:36:32,0.060070,empty
2026-02-22T17:36:32,0.060070,empty
2026-02-22T17:36:33,0.060070,empty
2026-02-22T17:36:33,0.060070,empty
2026-02-22T17:36:34,0.060070,empty
2026-02-22T17:36:34,0.060070,empty
2026-02-22T17:36:35,0.060070,empty
2026-02-22T17:36:35,0.060070,empty
2026-02-22T17:36:36,0.060070,empty
2026-02-22T17:36:36,0.060070,empty
2026-02-22T17:36:37,0.060070,empty
2026-02-22T17:36:37,0.060070,empty
2026-02-22T17:36:38,0.060070,empty
2026-02-22T17:36:38,0.060070,empty
2026-02-22T17:36:39,0.060070,empty
2026-02-22T17:36:39,0.060070,empty
2026-02-22T17:36:40,0.060070,empty
2026-02-22T17:36:40,0.060070,empty
2026-02-22T17:36:41,0.060070,empty
2026-02-22T17:36:41,0.060070,empty
2026-02-22T17:36:42,0.060070,empty
2026-02-22T17:36:42,0.060070,empty
2026-02-22T17:36:43,0.060070,empty
2026-02-22T17:36:43,0.060070,empty
2026-02-22T17:36:44,0.060070,empty
2026-02-22T17:36:44,0.060070,empty
2026-02-22T17:36:45,0.060070,empty
2026-02-22T17:36:45,0.060070,empty
2026-02-22T17:36:46,0.056638,empty
2026-02-22T17:36:46,0.054063,empty
2026-02-22T17:36:47,0.056638,empty
2026-02-22T17:36:47,0.056638,empty
2026-02-22T17:36:48,0.056638,empty
2026-02-22T17:36:48,0.057496,empty
2026-02-22T17:36:49,0.056638,empty
2026-02-22T17:36:49,0.057496,empty
2026-02-22T17:36:50,0.060070,empty
2026-02-22T17:36:50,0.060070,empty
2026-02-22T17:36:51,0.060070,empty
2026-02-22T17:36:51,0.060070,empty
2026-02-22T17:36:52,0.060070,empty
2026-02-22T17:36:52,0.060070,empty
2026-02-22T17:36:53,0.060070,empty
2026-02-22T17:36:53,0.060070,empty
2026-02-22T17:36:54,0.060070,empty
2026-02-22T17:36:54,0.060070,empty
2026-02-22T17:36:55,0.060070,empty
2026-02-22T17:36:55,0.060070,empty
2026-02-22T17:36:56,0.060070,empty
2026-02-22T17:36:56,0.060070,empty
2026-02-22T17:36:57,0.060070,empty
2026-02-22T17:36:57,0.060070,empty
2026-02-22T17:36:58,0.060070,empty
2026-02-22T17:36:58,0.060070,empty
2026-02-22T17:36:59,0.060070,empty
2026-02-22T17:36:59,0.060070,empty
2026-02-22T17:37:00,0.060070,empty
2026-02-22T17:37:00,0.060070,empty
2026-02-22T17:37:01,0.060070,empty
2026-02-22T17:37:01,0.060070,empty
2026-02-22T17:37:02,0.060070,empty
2026-02-22T17:37:02,0.060070,empty
2026-02-22T17:37:03,0.060070,empty
2026-02-22T17:37:03,0.060070,empty
2026-02-22T17:37:04,0.060070,empty
2026-02-22T17:37:04,0.060070,empty
2026-02-22T17:37:05,0.060070,empty
2026-02-22T17:37:05,0.060070,empty
2026-02-22T17:37:06,0.060070,empty
2026-02-22T17:37:06,0.060070,empty
2026-02-22T17:37:07,0.060070,empty
2026-02-22T17:37:07,0.060070,empty
2026-02-22T17:37:08,0.060070,empty
2026-02-22T17:37:08,0.060070,empty
2026-02-22T17:37:09,0.060070,empty
2026-02-22T17:37:09,0.060070,empty
2026-02-22T17:37:10,0.060070,empty
2026-02-22T17:37:10,0.060070,empty
2026-02-22T17:37:11,0.060070,empty
2026-02-22T17:37:11,0.060070,empty
2026-02-22T17:37:12,0.060070,empty
2026-02-22T17:37:12,0.060070,empty
2026-02-22T17:37:13,0.060070,empty
2026-02-22T17:37:13,0.060070,empty
2026-02-22T17:37:14,0.060070,empty
2026-02-22T17:37:14,0.060070,empty
2026-02-22T17:37:15,0.060070,empty
2026-02-22T17:37:15,0.060070,empty
2026-02-22T17:37:16,0.060070,empty
2026-02-22T17:37:16,0.060070,empty
2026-02-22T17:37:17,0.060070,empty
2026-02-22T17:37:17,0.060070,empty
2026-02-22T17:37:18,0.060070,empty
2026-02-22T17:37:18,0.060070,empty
2026-02-22T17:37:19,0.060070,empty
2026-02-22T17:37:19,0.060070,empty
2026-02-22T17:37:20,0.060070,empty
2026-02-22T17:37:20,0.060070,empty
2026-02-22T17:37:21,0.060070,empty
2026-02-22T17:37:21,0.060070,empty
2026-02-22T17:37:22,0.060070,empty
2026-02-22T17:37:22,0.060070,empty
2026-02-22T17:37:23,0.060070,empty
2026-02-22T17:37:23,0.060070,empty
2026-02-22T17:37:24,0.060070,empty
2026-02-22T17:37:24,0.060070,empty
2026-02-22T17:37:25,0.060070,empty
2026-02-22T17:37:25,0.060070,empty
2026-02-22T17:37:26,0.060070,empty
2026-02-22T17:37:26,0.060070,empty
2026-02-22T17:37:27,0.060070,empty
2026-02-22T17:37:27,0.060070,empty
2026-02-22T17:37:28,0.060070,empty
2026-02-22T17:37:28,0.060070,empty
2026-02-22T17:37:29,0.060070,empty
2026-02-22T17:37:29,0.060070,empty
2026-02-22T17:37:30,0.060070,empty
2026-02-22T17:37:30,0.060070,empty
2026-02-22T17:37:31,0.060070,empty
2026-02-22T17:37:31,0.060070,empty
2026-02-22T17:37:32,0.060070,empty
2026-02-22T17:37:32,0.060070,empty
2026-02-22T17:37:33,0.060070,empty
2026-02-22T17:37:33,0.060070,empty
2026-02-22T17:37:34,0.060070,empty
2026-02-22T17:37:34,0.060070,empty
2026-02-22T17:37:35,0.060070,empty
2026-02-22T17:37:35,0.060070,empty
2026-02-22T17:37:36,0.060070,empty
2026-02-22T17:37:36,0.060070,empty
2026-02-22T17:37:37,0.060070,empty
2026-02-22T17:37:37,0.060070,empty
2026-02-22T17:37:38,0.060070,empty
2026-02-22T17:37:38,0.060070,empty
2026-02-22T17:37:39,0.060070,empty
2026-02-22T17:37:39,0.060070,empty
2026-02-22T17:37:40,0.060070,empty
2026-02-22T17:37:40,0.060070,empty
2026-02-22T17:37:41,0.060070,empty
2026-02-22T17:37:41,0.060070,empty
2026-02-22T17:37:42,0.060070,empty
2026-02-22T17:37:42,0.060070,empty
2026-02-22T17:37:43,0.060070,empty
2026-02-22T17:37:43,0.060070,empty
2026-02-22T17:37:44,0.060070,empty
2026-02-22T17:37:44,0.060070,empty
2026-02-22T17:37:45,0.060070,empty
2026-02-22T17:37:45,0.060070,empty
2026-02-22T17:37:46,0.060070,empty
2026-02-22T17:37:46,0.060070,empty
2026-02-22T17:37:47,0.060070,empty
2026-02-22T17:37:47,0.060070,empty
2026-02-22T17:37:48,0.060070,empty
2026-02-22T17:37:48,0.060070,empty
2026-02-22T17:37:49,0.060070,empty
2026-02-22T17:37:49,0.060070,empty
2026-02-22T17:37:50,0.060070,empty
2026-02-22T17:37:50,0.060070,empty
2026-02-22T17:37:51,0.060070,empty
2026-02-22T17:37:51,0.060070,empty
2026-02-22T17:37:52,0.060070,empty
2026-02-22T17:37:52,0.060070,empty
2026-02-22T17:37:53,0.060070,empty
2026-02-22T17:37:53,0.060070,empty
2026-02-22T17:37:54,0.060070,empty
2026-02-22T17:37:54,0.060070,empty
2026-02-22T17:37:55,0.060070,empty
2026-02-22T17:37:55,0.060070,empty
2026-02-22T17:37:56,0.060070,empty
2026-02-22T17:37:56,0.060070,empty
2026-02-22T17:37:57,0.060070,empty
2026-02-22T17:37:57,0.056810,empty
2026-02-22T17:37:58,0.056638,empty
2026-02-22T17:37:58,0.056638,empty
2026-02-22T17:37:59,0.056638,empty
2026-02-22T17:37:59,0.056638,empty
2026-02-22T17:38:00,0.056638,empty
2026-02-22T17:38:00,0.056638,empty
2026-02-22T17:38:01,0.056638,empty
2026-02-22T17:38:01,0.056638,empty
2026-02-22T17:38:02,0.056638,empty
2026-02-22T17:38:02,0.056638,empty
2026-02-22T17:38:03,0.056638,empty
2026-02-22T17:38:03,0.056638,empty
2026-02-22T17:38:04,0.056638,empty
2026-02-22T17:38:04,0.056638,empty
2026-02-22T17:38:05,0.056638,empty
2026-02-22T17:38:05,0.056638,empty
2026-02-22T17:38:06,0.056638,empty
2026-02-22T17:38:06,0.056638,empty
2026-02-22T17:38:07,0.056638,empty
2026-02-22T17:38:07,0.056638,empty
2026-02-22T17:38:08,0.056638,empty
2026-02-22T17:38:08,0.056638,empty
2026-02-22T17:38:09,0.056638,empty
2026-02-22T17:38:09,0.056638,empty
2026-02-22T17:38:10,0.056638,empty
2026-02-22T17:38:10,0.056638,empty
2026-02-22T17:38:11,0.056638,empty
2026-02-22T17:38:11,0.056638,empty
2026-02-22T17:38:12,0.056638,empty
2026-02-22T17:38:12,0.056638,empty
2026-02-22T17:38:13,0.056638,empty
2026-02-22T17:38:13,0.056638,empty
2026-02-22T17:38:14,0.056638,empty
2026-02-22T17:38:14,0.056638,empty
2026-02-22T17:38:15,0.060070,empty
2026-02-22T17:38:15,0.060070,empty
2026-02-22T17:38:16,0.060070,empty
2026-02-22T17:38:16,0.056638,empty
2026-02-22T17:38:17,0.056638,empty
2026-02-22T17:38:17,0.056638,empty
2026-02-22T17:38:18,0.056638,empty
2026-02-22T17:38:18,0.056638,empty
2026-02-22T17:38:19,0.056638,empty
2026-02-22T17:38:19,0.060070,empty
2026-02-22T17:38:20,0.056638,empty
2026-02-22T17:38:20,0.056638,empty
2026-02-22T17:38:21,0.056638,empty
2026-02-22T17:38:21,0.056638,empty
2026-02-22T17:38:22,0.060070,empty
2026-02-22T17:38:22,0.060070,empty
2026-02-22T17:38:23,0.059212,empty
2026-02-22T17:38:23,0.060070,empty
2026-02-22T17:38:24,0.060070,empty
2026-02-22T17:38:24,0.060070,empty
2026-02-22T17:38:25,0.060070,empty
2026-02-22T17:38:25,0.060070,empty
2026-02-22T17:38:26,0.060070,empty
2026-02-22T17:38:26,0.060070,empty
2026-02-22T17:38:27,0.060070,empty
2026-02-22T17:38:27,0.060070,empty
2026-02-22T17:38:28,0.060070,empty
2026-02-22T17:38:28,0.060070,empty
2026-02-22T17:38:29,0.060070,empty
2026-02-22T17:38:29,0.060070,empty
2026-02-22T17:38:30,0.060070,empty
2026-02-22T17:38:30,0.060070,empty
2026-02-22T17:38:31,0.060070,empty
2026-02-22T17:38:31,0.060070,empty
2026-02-22T17:38:32,0.060070,empty
2026-02-22T17:38:32,0.060070,empty
2026-02-22T17:38:33,0.060070,empty
2026-02-22T17:38:33,0.060070,empty
2026-02-22T17:38:34,0.060070,empty
2026-02-22T17:38:34,0.060070,empty
2026-02-22T17:38:35,0.060070,empty
2026-02-22T17:38:35,0.060070,empty
2026-02-22T17:38:36,0.060070,empty
2026-02-22T17:38:36,0.060070,empty
2026-02-22T17:38:37,0.060070,empty
2026-02-22T17:38:37,0.060070,empty
2026-02-22T17:38:38,0.060070,empty
2026-02-22T17:38:38,0.060070,empty
2026-02-22T17:38:39,0.060070,empty
2026-02-22T17:38:39,0.060070,empty
2026-02-22T17:38:40,0.060070,empty
2026-02-22T17:38:40,0.060070,empty
2026-02-22T17:38:41,0.060070,empty
2026-02-22T17:38:41,0.060070,empty
2026-02-22T17:38:42,0.060070,empty
2026-02-22T17:38:42,0.060070,empty
2026-02-22T17:38:43,0.060070,empty
2026-02-22T17:38:43,0.060070,empty
2026-02-22T17:38:44,0.060070,empty
2026-02-22T17:38:44,0.060070,empty
2026-02-22T17:38:45,0.060070,empty
2026-02-22T17:38:45,0.060070,empty
2026-02-22T17:38:46,0.060070,empty
2026-02-22T17:38:46,0.060070,empty
2026-02-22T17:38:47,0.060070,empty
2026-02-22T17:38:47,0.060070,empty
2026-02-22T17:38:48,0.060070,empty
2026-02-22T17:38:48,0.060070,empty
2026-02-22T17:38:49,0.060070,empty
2026-02-22T17:38:49,0.060070,empty
2026-02-22T17:38:50,0.060070,empty
2026-02-22T17:38:50,0.060070,empty
2026-02-22T17:38:51,0.060070,empty
2026-02-22T17:38:51,0.060070,empty
2026-02-22T17:38:52,0.056638,empty
2026-02-22T17:38:52,0.057496,empty
2026-02-22T17:38:53,0.060070,empty
2026-02-22T17:38:53,0.060070,empty
2026-02-22T17:38:54,0.060070,empty
2026-02-22T17:38:54,0.060070,empty
2026-02-22T17:38:55,0.060070,empty
2026-02-22T17:38:55,0.060070,empty
2026-02-22T17:38:56,0.060070,empty
2026-02-22T17:38:56,0.060070,empty
2026-02-22T17:38:57,0.060070,empty
2026-02-22T17:38:57,0.060070,empty
2026-02-22T17:38:58,0.060070,empty
2026-02-22T17:38:58,0.060070,empty
2026-02-22T17:38:59,0.060070,empty
2026-02-22T17:38:59,0.060070,empty
2026-02-22T17:39:00,0.060070,empty
2026-02-22T17:39:00,0.060070,empty
2026-02-22T17:39:01,0.060070,empty
2026-02-22T17:39:01,0.059899,empty
2026-02-22T17:39:02,0.056638,empty
2026-02-22T17:39:02,0.056638,empty
2026-02-22T17:39:03,0.060070,empty
2026-02-22T17:39:03,0.060070,empty
2026-02-22T17:39:04,0.060070,empty
2026-02-22T17:39:04,0.060070,empty
2026-02-22T17:39:05,0.060070,empty
2026-02-22T17:39:05,0.060070,empty
2026-02-22T17:39:06,0.060070,empty
2026-02-22T17:39:06,0.060070,empty
2026-02-22T17:39:07,0.060070,empty
2026-02-22T17:39:07,0.060070,empty
2026-02-22T17:39:08,0.060070,empty
2026-02-22T17:39:08,0.060070,empty
2026-02-22T17:39:09,0.060070,empty
2026-02-22T17:39:09,0.060070,empty
2026-02-22T17:39:10,0.060070,empty
2026-02-22T17:39:10,0.060070,empty
2026-02-22T17:39:11,0.060070,empty
2026-02-22T17:39:11,0.060070,empty
2026-02-22T17:39:12,0.060070,empty
2026-02-22T17:39:12,0.060070,empty
2026-02-22T17:39:13,0.060070,empty
2026-02-22T17:39:13,0.060070,empty
2026-02-22T17:39:14,0.060070,empty
2026-02-22T17:39:14,0.060070,empty
2026-02-22T17:39:15,0.056638,empty
2026-02-22T17:39:15,0.056638,empty
2026-02-22T17:39:16,0.056638,empty
2026-02-22T17:39:16,0.056638,empty
2026-02-22T17:39:17,0.056638,empty
2026-02-22T17:39:17,0.056638,empty
2026-02-22T17:39:18,0.056638,empty
2026-02-22T17:39:18,0.056638,empty
2026-02-22T17:39:19,0.056638,empty
2026-02-22T17:39:19,0.056638,empty
2026-02-22T17:39:20,0.056638,empty
2026-02-22T17:39:20,0.056638,empty
2026-02-22T17:39:21,0.056638,empty
2026-02-22T17:39:21,0.056638,empty
2026-02-22T17:39:22,0.056638,empty
2026-02-22T17:39:22,0.056638,empty
2026-02-22T17:39:23,0.060070,empty
2026-02-22T17:39:23,0.060070,empty
2026-02-22T17:39:24,0.056638,empty
2026-02-22T17:39:24,0.056638,empty
2026-02-22T17:39:25,0.056638,empty
2026-02-22T17:39:25,0.056638,empty
2026-02-22T17:39:26,0.056638,empty
2026-02-22T17:39:26,0.056638,empty
2026-02-22T17:39:27,0.056638,empty
2026-02-22T17:39:27,0.056638,empty
2026-02-22T17:39:28,0.056638,empty
2026-02-22T17:39:28,0.056638,empty
2026-02-22T17:39:29,0.056638,empty
2026-02-22T17:39:29,0.056638,empty
2026-02-22T17:39:30,0.056638,empty
2026-02-22T17:39:30,0.056638,empty
2026-02-22T17:39:31,0.056638,empty
2026-02-22T17:39:31,0.056638,empty
2026-02-22T17:39:32,0.056638,empty
2026-02-22T17:39:32,0.056638,empty
2026-02-22T17:39:33,0.056638,empty
2026-02-22T17:39:33,0.056638,empty
2026-02-22T17:39:34,0.056638,empty
2026-02-22T17:39:34,0.056638,empty
2026-02-22T17:39:35,0.056638,empty
2026-02-22T17:39:35,0.056638,empty
2026-02-22T17:39:36,0.056638,empty
2026-02-22T17:39:36,0.056638,empty
2026-02-22T17:39:37,0.056638,empty
2026-02-22T17:39:37,0.056638,empty
2026-02-22T17:39:38,0.056638,empty
2026-02-22T17:39:38,0.056638,empty
2026-02-22T17:39:39,0.056638,empty
2026-02-22T17:39:39,0.056638,empty
2026-02-22T17:39:40,0.056638,empty
2026-02-22T17:39:40,0.056638,empty
2026-02-22T17:39:41,0.056638,empty
2026-02-22T17:39:41,0.056638,empty
2026-02-22T17:39:42,0.056638,empty
2026-02-22T17:39:42,0.056638,empty
2026-02-22T17:39:43,0.056638,empty
2026-02-22T17:39:43,0.056638,empty
2026-02-22T17:39:44,0.056638,empty
2026-02-22T17:39:44,0.056638,empty
2026-02-22T17:39:45,0.056638,empty
2026-02-22T17:39:45,0.056638,empty
2026-02-22T17:39:46,0.056638,empty
2026-02-22T17:39:46,0.056638,empty
2026-02-22T17:39:47,0.056638,empty
2026-02-22T17:39:47,0.056638,empty
2026-02-22T17:39:48,0.056638,empty
2026-02-22T17:39:48,0.056638,empty
2026-02-22T17:39:49,0.056638,empty
2026-02-22T17:39:49,0.056638,empty
2026-02-22T17:39:50,0.056638,empty
2026-02-22T17:39:50,0.056638,empty
2026-02-22T17:39:51,0.056638,empty
2026-02-22T17:39:51,0.056638,empty
2026-02-22T17:39:52,0.056638,empty
2026-02-22T17:39:52,0.056638,empty
2026-02-22T17:39:53,0.056638,empty
2026-02-22T17:39:53,0.056638,empty
2026-02-22T17:39:54,0.056638,empty
2026-02-22T17:39:54,0.056638,empty
2026-02-22T17:39:55,0.056638,empty
2026-02-22T17:39:55,0.056638,empty
2026-02-22T17:39:56,0.056638,empty
2026-02-22T17:39:56,0.056638,empty
2026-02-22T17:39:57,0.056638,empty
2026-02-22T17:39:57,0.056638,empty
2026-02-22T17:39:58,0.060070,empty
2026-02-22T17:39:58,0.060070,empty
2026-02-22T17:39:59,0.060070,empty
2026-02-22T17:39:59,0.060070,empty
2026-02-22T17:40:00,0.060070,empty
2026-02-22T17:40:00,0.060070,empty
2026-02-22T17:40:01,0.060070,empty
2026-02-22T17:40:01,0.060070,empty
2026-02-22T17:40:02,0.060070,empty
2026-02-22T17:40:02,0.060070,empty
2026-02-22T17:40:03,0.060070,empty
2026-02-22T17:40:03,0.060070,empty
2026-02-22T17:40:04,0.060070,empty
2026-02-22T17:40:04,0.060070,empty
2026-02-22T17:40:05,0.060070,empty
2026-02-22T17:40:05,0.060070,empty
2026-02-22T17:40:06,0.060070,empty
2026-02-22T17:40:06,0.060070,empty
2026-02-22T17:40:07,0.060070,empty
2026-02-22T17:40:07,0.060070,empty
2026-02-22T17:40:08,0.060070,empty
2026-02-22T17:40:08,0.060070,empty
2026-02-22T17:40:09,0.060070,empty
2026-02-22T17:40:09,0.060070,empty
2026-02-22T17:40:10,0.060070,empty
2026-02-22T17:40:10,0.060070,empty
2026-02-22T17:40:11,0.060070,empty
2026-02-22T17:40:11,0.060070,empty
2026-02-22T17:40:12,0.060070,empty
2026-02-22T17:40:12,0.060070,empty
2026-02-22T17:40:13,0.060070,empty
2026-02-22T17:40:13,0.056638,empty
2026-02-22T17:40:14,0.056638,empty
2026-02-22T17:40:14,0.056638,empty
2026-02-22T17:40:15,0.056638,empty
2026-02-22T17:40:15,0.056638,empty
2026-02-22T17:40:16,0.056638,empty
2026-02-22T17:40:16,0.056638,empty
2026-02-22T17:40:17,0.056638,empty
2026-02-22T17:40:17,0.056638,empty
2026-02-22T17:40:18,0.056638,empty
2026-02-22T17:40:18,0.056638,empty
2026-02-22T17:40:19,0.056638,empty
2026-02-22T17:40:19,0.056638,empty
2026-02-22T17:40:20,0.056638,empty
2026-02-22T17:40:20,0.056638,empty
2026-02-22T17:40:21,0.056638,empty
2026-02-22T17:40:21,0.056638,empty
2026-02-22T17:40:22,0.056638,empty
2026-02-22T17:40:22,0.056638,empty
2026-02-22T17:40:23,0.056638,empty
2026-02-22T17:40:23,0.056638,empty
2026-02-22T17:40:24,0.056638,empty
2026-02-22T17:40:24,0.056638,empty
2026-02-22T17:40:25,0.056638,empty
2026-02-22T17:40:25,0.056638,empty
2026-02-22T17:40:26,0.056638,empty
2026-02-22T17:40:26,0.056638,empty
2026-02-22T17:40:27,0.056638,empty
2026-02-22T17:40:27,0.056638,empty
2026-02-22T17:40:28,0.056638,empty
2026-02-22T17:40:28,0.056638,empty
2026-02-22T17:40:29,0.056638,empty
2026-02-22T17:40:29,0.056638,empty
2026-02-22T17:40:30,0.056638,empty
2026-02-22T17:40:30,0.056638,empty
2026-02-22T17:40:31,0.056638,empty
2026-02-22T17:40:31,0.056638,empty
2026-02-22T17:40:32,0.056638,empty
2026-02-22T17:40:32,0.056638,empty
2026-02-22T17:40:33,0.056638,empty
2026-02-22T17:40:33,0.056638,empty
2026-02-22T17:40:34,0.056638,empty
2026-02-22T17:40:34,0.056638,empty
2026-02-22T17:40:35,0.056638,empty
2026-02-22T17:40:35,0.056638,empty
2026-02-22T17:40:36,0.056638,empty
2026-02-22T17:40:36,0.056638,empty
2026-02-22T17:40:37,0.056638,empty
2026-02-22T17:40:37,0.056638,empty
2026-02-22T17:40:38,0.056638,empty
2026-02-22T17:40:38,0.056638,empty
2026-02-22T17:40:39,0.056638,empty
2026-02-22T17:40:39,0.056638,empty
2026-02-22T17:40:40,0.056638,empty
2026-02-22T17:40:40,0.056638,empty
2026-02-22T17:40:41,0.056638,empty
2026-02-22T17:40:41,0.056638,empty
2026-02-22T17:40:42,0.056638,empty
2026-02-22T17:40:42,0.056638,empty
2026-02-22T17:40:43,0.056638,empty
2026-02-22T17:40:43,0.056638,empty
2026-02-22T17:40:44,0.056638,empty
2026-02-22T17:40:44,0.056638,empty
2026-02-22T17:40:45,0.056638,empty
2026-02-22T17:40:45,0.056638,empty
2026-02-22T17:40:46,0.056638,empty
2026-02-22T17:40:46,0.056638,empty
2026-02-22T17:40:47,0.056638,empty
2026-02-22T17:40:47,0.056638,empty
2026-02-22T17:40:48,0.056638,empty
2026-02-22T17:40:48,0.056638,empty
2026-02-22T17:40:49,0.057496,empty
2026-02-22T17:40:49,0.056638,empty
2026-02-22T17:40:50,0.056638,empty
2026-02-22T17:40:50,0.056638,empty
2026-02-22T17:40:51,0.056638,empty
2026-02-22T17:40:51,0.056638,empty
2026-02-22T17:40:52,0.056638,empty
2026-02-22T17:40:52,0.056638,empty
2026-02-22T17:40:53,0.056638,empty
2026-02-22T17:40:53,0.056638,empty
2026-02-22T17:40:54,0.056638,empty
2026-02-22T17:40:54,0.056638,empty
2026-02-22T17:40:55,0.056638,empty
2026-02-22T17:40:55,0.056638,empty
2026-02-22T17:40:56,0.056638,empty
2026-02-22T17:40:56,0.056638,empty
2026-02-22T17:40:57,0.056638,empty
2026-02-22T17:40:57,0.056638,empty
2026-02-22T17:40:58,0.056638,empty
2026-02-22T17:40:58,0.056638,empty
2026-02-22T17:40:59,0.056638,empty
2026-02-22T17:40:59,0.056638,empty
2026-02-22T17:41:00,0.056638,empty
2026-02-22T17:41:00,0.056638,empty
2026-02-22T17:41:01,0.056638,empty
2026-02-22T17:41:01,0.056638,empty
2026-02-22T17:41:02,0.056638,empty
2026-02-22T17:41:02,0.060070,empty
2026-02-22T17:41:03,0.056638,empty
2026-02-22T17:41:03,0.056638,empty
2026-02-22T17:41:04,0.056638,empty
2026-02-22T17:41:04,0.056638,empty
2026-02-22T17:41:05,0.056638,empty
2026-02-22T17:41:05,0.056638,empty
2026-02-22T17:41:06,0.056638,empty
2026-02-22T17:41:06,0.056638,empty
2026-02-22T17:41:07,0.056638,empty
2026-02-22T17:41:07,0.056638,empty
2026-02-22T17:41:08,0.056638,empty
2026-02-22T17:41:08,0.056638,empty
2026-02-22T17:41:09,0.056638,empty
2026-02-22T17:41:09,0.056638,empty
2026-02-22T17:41:10,0.056638,empty
2026-02-22T17:41:11,0.056638,empty
2026-02-22T17:41:11,0.056638,empty
2026-02-22T17:41:12,0.056638,empty
2026-02-22T17:41:12,0.056638,empty
2026-02-22T17:41:13,0.056638,empty
2026-02-22T17:41:13,0.056638,empty
2026-02-22T17:41:14,0.056638,empty
2026-02-22T17:41:14,0.056638,empty
2026-02-22T17:41:15,0.056638,empty
2026-02-22T17:41:15,0.056638,empty
2026-02-22T17:41:16,0.056638,empty
2026-02-22T17:41:16,0.056638,empty
2026-02-22T17:41:17,0.056638,empty
2026-02-22T17:41:17,0.056638,empty
2026-02-22T17:41:18,0.056638,empty
2026-02-22T17:41:18,0.056638,empty
2026-02-22T17:41:19,0.056638,empty
2026-02-22T17:41:19,0.056638,empty
2026-02-22T17:41:20,0.056638,empty
2026-02-22T17:41:20,0.056638,empty
2026-02-22T17:41:21,0.056638,empty
2026-02-22T17:41:21,0.056638,empty
2026-02-22T17:41:22,0.056638,empty
2026-02-22T17:41:22,0.056638,empty
2026-02-22T17:41:23,0.056638,empty
2026-02-22T17:41:23,0.056638,empty
2026-02-22T17:41:24,0.056638,empty
2026-02-22T17:41:24,0.056638,empty
2026-02-22T17:41:25,0.056638,empty
2026-02-22T17:41:25,0.056638,empty
2026-02-22T17:41:26,0.056638,empty
2026-02-22T17:41:26,0.056638,empty
2026-02-22T17:41:27,0.056638,empty
2026-02-22T17:41:27,0.056638,empty
2026-02-22T17:41:28,0.056638,empty
2026-02-22T17:41:28,0.056638,empty
2026-02-22T17:41:29,0.056638,empty
2026-02-22T17:41:29,0.056638,empty
2026-02-22T17:41:30,0.056638,empty
2026-02-22T17:41:30,0.056638,empty
2026-02-22T17:41:31,0.056638,empty
2026-02-22T17:41:31,0.056638,empty
2026-02-22T17:41:32,0.056638,empty
2026-02-22T17:41:32,0.056638,empty
2026-02-22T17:41:33,0.056638,empty
2026-02-22T17:41:33,0.056638,empty
2026-02-22T17:41:34,0.056638,empty
2026-02-22T17:41:34,0.056638,empty
2026-02-22T17:41:35,0.056638,empty
2026-02-22T17:41:35,0.056638,empty
2026-02-22T17:41:36,0.056638,empty
2026-02-22T17:41:36,0.056638,empty
2026-02-22T17:41:37,0.056638,empty
2026-02-22T17:41:37,0.056638,empty
2026-02-22T17:41:38,0.056638,empty
2026-02-22T17:41:38,0.056638,empty
2026-02-22T17:41:39,0.056638,empty
2026-02-22T17:41:39,0.056638,empty
2026-02-22T17:41:40,0.056638,empty
2026-02-22T17:41:40,0.056638,empty
2026-02-22T17:41:41,0.056638,empty
2026-02-22T17:41:41,0.056638,empty
2026-02-22T17:41:42,0.056638,empty
2026-02-22T17:41:42,0.056638,empty
2026-02-22T17:41:43,0.056638,empty
2026-02-22T17:41:43,0.056638,empty
2026-02-22T17:41:44,0.056638,empty
2026-02-22T17:41:44,0.056638,empty
2026-02-22T17:41:45,0.056638,empty
2026-02-22T17:41:45,0.056638,empty
2026-02-22T17:41:46,0.056638,empty
2026-02-22T17:41:46,0.056638,empty
2026-02-22T17:41:47,0.056638,empty
2026-02-22T17:41:47,0.056638,empty
2026-02-22T17:41:48,0.056638,empty
2026-02-22T17:41:48,0.056638,empty
2026-02-22T17:41:49,0.056638,empty
2026-02-22T17:41:49,0.056638,empty
2026-02-22T17:41:50,0.056638,empty
2026-02-22T17:41:50,0.056638,empty
2026-02-22T17:41:51,0.056638,empty
2026-02-22T17:41:51,0.056638,empty
2026-02-22T17:41:52,0.056638,empty
2026-02-22T17:41:52,0.056638,empty
2026-02-22T17:41:53,0.056638,empty
2026-02-22T17:41:53,0.056638,empty
2026-02-22T17:41:54,0.056638,empty
2026-02-22T17:41:54,0.056638,empty
2026-02-22T17:41:55,0.056638,empty
2026-02-22T17:41:55,0.056638,empty
2026-02-22T17:41:56,0.056638,empty
2026-02-22T17:41:56,0.056638,empty
2026-02-22T17:41:57,0.056638,empty
2026-02-22T17:41:57,0.056638,empty
2026-02-22T17:41:58,0.056638,empty
2026-02-22T17:41:58,0.056638,empty
2026-02-22T17:41:59,0.057496,empty
2026-02-22T17:41:59,0.056638,empty
2026-02-22T17:42:00,0.060070,empty
2026-02-22T17:42:00,0.060070,empty
2026-02-22T17:42:01,0.060070,empty
2026-02-22T17:42:01,0.060070,empty
2026-02-22T17:42:02,0.060070,empty
2026-02-22T17:42:02,0.060070,empty
2026-02-22T17:42:03,0.060070,empty
2026-02-22T17:42:03,0.060070,empty
2026-02-22T17:42:04,0.060070,empty
2026-02-22T17:42:04,0.060070,empty
2026-02-22T17:42:05,0.060070,empty
2026-02-22T17:42:05,0.060070,empty
2026-02-22T17:42:06,0.060070,empty
2026-02-22T17:42:06,0.060070,empty
2026-02-22T17:42:07,0.060070,empty
2026-02-22T17:42:07,0.060070,empty
2026-02-22T17:42:08,0.060070,empty
2026-02-22T17:42:08,0.060070,empty
2026-02-22T17:42:09,0.060070,empty
2026-02-22T17:42:09,0.056638,empty
2026-02-22T17:42:10,0.060070,empty
2026-02-22T17:42:10,0.056638,empty
2026-02-22T17:42:11,0.056638,empty
2026-02-22T17:42:11,0.060070,empty
2026-02-22T17:42:12,0.060070,empty
2026-02-22T17:42:12,0.060070,empty
2026-02-22T17:42:13,0.060070,empty
2026-02-22T17:42:13,0.060070,empty
2026-02-22T17:42:14,0.060070,empty
2026-02-22T17:42:14,0.060070,empty
2026-02-22T17:42:15,0.060070,empty
2026-02-22T17:42:15,0.060070,empty
2026-02-22T17:42:16,0.060070,empty
2026-02-22T17:42:16,0.060070,empty
2026-02-22T17:42:17,0.060070,empty
2026-02-22T17:42:17,0.060070,empty
2026-02-22T17:42:18,0.060070,empty
2026-02-22T17:42:18,0.060070,empty
2026-02-22T17:42:19,0.060070,empty
2026-02-22T17:42:19,0.060070,empty
2026-02-22T17:42:20,0.060070,empty
2026-02-22T17:43:39,0.040333,pill
2026-02-22T17:43:40,0.040333,pill
2026-02-22T17:43:40,0.040333,pill
2026-02-22T17:43:40,0.040333,pill
2026-02-22T17:43:40,0.040333,pill
2026-02-22T17:43:41,0.040333,pill
2026-02-22T17:43:41,0.040333,pill
2026-02-22T17:43:41,0.040333,pill
2026-02-22T17:43:41,0.040333,pill
2026-02-22T17:43:42,0.040333,pill
2026-02-22T17:43:42,0.040333,pill
2026-02-22T17:43:42,0.040333,pill
2026-02-22T17:43:42,0.040333,pill
2026-02-22T17:43:43,0.040333,pill
2026-02-22T17:43:43,0.040333,pill
2026-02-22T17:43:43,0.040333,pill
2026-02-22T17:43:43,0.040333,pill
2026-02-22T17:43:44,0.040333,pill
2026-02-22T17:43:44,0.040333,pill
2026-02-22T17:43:44,0.041191,pill
2026-02-22T17:43:44,0.040333,pill
2026-02-22T17:43:45,0.040333,pill
2026-02-22T17:43:45,0.040333,pill
2026-02-22T17:43:45,0.040333,pill
2026-02-22T17:43:45,0.040333,pill
2026-02-22T17:43:46,0.040333,pill
2026-02-22T17:43:46,0.040333,pill
2026-02-22T17:43:46,0.040333,pill
2026-02-22T17:43:46,0.040333,pill
2026-02-22T17:43:47,0.040333,pill
2026-02-22T17:43:47,0.040333,pill
2026-02-22T17:43:47,0.040333,pill
2026-02-22T17:43:47,0.040333,pill
2026-02-22T17:43:48,0.040333,pill
2026-02-22T17:43:48,0.040333,pill
2026-02-22T17:43:48,0.040333,pill
2026-02-22T17:43:48,0.040333,pill
2026-02-22T17:43:49,0.040333,pill
2026-02-22T17:43:49,0.040333,pill
2026-02-22T17:43:49,0.040333,pill
2026-02-22T17:43:49,0.040333,pill
2026-02-22T17:43:50,0.040333,pill
2026-02-22T17:43:50,0.040333,pill
2026-02-22T17:43:50,0.040333,pill
2026-02-22T17:43:50,0.040333,pill
2026-02-22T17:43:51,0.040333,pill
2026-02-22T17:43:51,0.040333,pill
2026-02-22T17:43:51,0.040333,pill
2026-02-22T17:43:51,0.040333,pill
2026-02-22T17:43:52,0.040333,pill
2026-02-22T17:43:52,0.040333,pill
2026-02-22T17:43:52,0.040333,pill
2026-02-22T17:43:52,0.040333,pill
2026-02-22T17:43:53,0.040333,pill
2026-02-22T17:43:53,0.040333,pill
2026-02-22T17:43:53,0.040333,pill
2026-02-22T17:43:53,0.040333,pill
2026-02-22T17:43:54,0.040333,pill
2026-02-22T17:43:54,0.040333,pill
2026-02-22T17:43:54,0.040333,pill
2026-02-22T17:43:54,0.040333,pill
2026-02-22T17:43:55,0.040333,pill
2026-02-22T17:43:55,0.040333,pill
2026-02-22T17:43:55,0.040505,pill
2026-02-22T17:43:55,0.040333,pill
2026-02-22T17:43:56,0.040333,pill
2026-02-22T17:43:56,0.040333,pill
2026-02-22T17:43:56,0.040505,pill
2026-02-22T17:43:57,0.040505,pill
2026-02-22T17:43:57,0.041191,pill
2026-02-22T17:43:57,0.040333,pill
2026-02-22T17:43:57,0.040333,pill
2026-02-22T17:43:58,0.040333,pill
2026-02-22T17:43:58,0.040333,pill
2026-02-22T17:43:58,0.040333,pill
2026-02-22T17:43:58,0.040333,pill
2026-02-22T17:43:59,0.040333,pill
2026-02-22T17:43:59,0.040333,pill
2026-02-22T17:43:59,0.040333,pill
2026-02-22T17:43:59,0.040333,pill
2026-02-22T17:44:00,0.040333,pill
2026-02-22T17:44:00,0.041020,pill
2026-02-22T17:44:00,0.041020,pill
2026-02-22T17:44:00,0.040333,pill
2026-02-22T17:44:01,0.040333,pill
2026-02-22T17:44:01,0.040333,pill
2026-02-22T17:44:01,0.040333,pill
2026-02-22T17:44:01,0.040333,pill
2026-02-22T17:44:02,0.040333,pill
2026-02-22T17:44:02,0.040333,pill
2026-02-22T17:44:02,0.040333,pill
2026-02-22T17:44:02,0.040333,pill
2026-02-22T17:44:03,0.040333,pill
2026-02-22T17:44:03,0.040333,pill
2026-02-22T17:44:03,0.040333,pill
2026-02-22T17:44:03,0.069510,pill
2026-02-22T17:44:04,0.069510,pill
2026-02-22T17:44:04,0.060070,pill
2026-02-22T17:44:04,0.060070,pill
2026-02-22T17:44:04,0.060070,pill
2026-02-22T17:44:05,0.060070,pill
2026-02-22T17:44:05,0.060070,pill
2026-02-22T17:44:05,0.060070,pill
2026-02-22T17:44:05,0.060070,pill
2026-02-22T17:44:06,0.060070,pill
2026-02-22T17:44:06,0.060070,pill
2026-02-22T17:44:06,0.060070,pill
2026-02-22T17:44:06,0.060070,pill
2026-02-22T17:44:07,0.060070,pill
2026-02-22T17:44:07,0.060070,pill
2026-02-22T17:44:07,0.060070,pill
2026-02-22T17:44:07,0.060070,pill
2026-02-22T17:44:08,0.056638,pill
2026-02-22T17:44:08,0.056638,pill
2026-02-22T17:44:08,0.056638,pill
2026-02-22T17:44:08,0.056638,pill
2026-02-22T17:44:09,0.056638,pill
2026-02-22T17:44:09,0.056638,pill
2026-02-22T17:44:09,0.056638,pill
2026-02-22T17:44:09,0.056638,pill
2026-02-22T17:44:10,0.056638,pill
2026-02-22T17:44:10,0.056638,pill
2026-02-22T17:44:10,0.056638,pill
2026-02-22T17:44:10,0.056638,pill
2026-02-22T17:44:11,0.056638,pill
2026-02-22T17:44:11,0.056638,pill
2026-02-22T17:44:11,0.056638,pill
2026-02-22T17:44:11,0.056638,pill
2026-02-22T17:44:12,0.056638,pill
2026-02-22T17:44:12,0.056638,pill
2026-02-22T17:44:12,0.056638,pill
2026-02-22T17:44:12,0.056638,pill
2026-02-22T17:44:13,0.056638,pill
2026-02-22T17:44:13,0.056638,pill
2026-02-22T17:44:13,0.056638,pill
2026-02-22T17:44:13,0.056638,pill
2026-02-22T17:44:14,0.056638,pill
2026-02-22T17:44:14,0.056638,pill
2026-02-22T17:44:14,0.056638,pill
2026-02-22T17:44:14,0.056638,pill
2026-02-22T17:44:15,0.056638,pill
2026-02-22T17:44:15,0.056638,pill
2026-02-22T17:44:15,0.037759,pill
2026-02-22T17:44:15,0.049773,pill
2026-02-22T17:44:16,0.050631,pill
2026-02-22T17:44:16,0.049773,pill
2026-02-22T17:44:16,0.049773,pill
2026-02-22T17:44:16,0.049773,pill
2026-02-22T17:44:17,0.050631,pill
2026-02-22T17:44:17,0.050631,pill
2026-02-22T17:44:17,0.050631,pill
2026-02-22T17:44:17,0.050631,pill
2026-02-22T17:44:18,0.049773,pill
2026-02-22T17:44:18,0.050631,pill
2026-02-22T17:44:18,0.049773,pill
2026-02-22T17:44:18,0.049773,pill
2026-02-22T17:44:19,0.050631,pill
2026-02-22T17:44:19,0.050631,pill
2026-02-22T17:44:19,0.050631,pill
2026-02-22T17:44:19,0.050631,pill
2026-02-22T17:44:20,0.050631,pill
2026-02-22T17:44:20,0.049773,pill
2026-02-22T17:44:20,0.050631,pill
2026-02-22T17:44:20,0.050631,pill
2026-02-22T17:44:21,0.050631,pill
2026-02-22T17:44:21,0.050631,pill
2026-02-22T17:44:21,0.049773,pill
2026-02-22T17:44:21,0.049773,pill
2026-02-22T17:44:22,0.049773,pill
2026-02-22T17:44:22,0.050631,pill
2026-02-22T17:44:22,0.050631,pill
2026-02-22T17:44:22,0.050631,pill
2026-02-22T17:44:23,0.050631,pill
2026-02-22T17:44:23,0.049773,pill
2026-02-22T17:44:23,0.049773,pill
2026-02-22T17:44:23,0.049773,pill
2026-02-22T17:44:24,0.050631,pill
2026-02-22T17:44:24,0.050631,pill
2026-02-22T17:44:24,0.060070,pill
2026-02-22T17:44:24,0.060070,pill
2026-02-22T17:44:25,0.060070,pill
2026-02-22T17:44:25,0.060070,pill
2026-02-22T17:44:25,0.060070,pill
2026-02-22T17:44:25,0.060070,pill
2026-02-22T17:44:26,0.060070,pill
2026-02-22T17:44:26,0.060070,pill
2026-02-22T17:44:26,0.060070,pill
2026-02-22T17:44:26,0.047198,pill
2026-02-22T17:44:27,0.047198,pill
2026-02-22T17:44:27,0.047198,pill
2026-02-22T17:44:27,0.047198,pill
2026-02-22T17:44:27,0.047198,pill
2026-02-22T17:44:28,0.047198,pill
2026-02-22T17:44:28,0.047198,pill
2026-02-22T17:44:28,0.047198,pill
2026-02-22T17:44:28,0.047198,pill
2026-02-22T17:44:29,0.047198,pill
2026-02-22T17:44:29,0.047198,pill
2026-02-22T17:44:29,0.047198,pill
2026-02-22T17:44:29,0.047198,pill
2026-02-22T17:44:30,0.047198,pill
2026-02-22T17:44:30,0.047198,pill
2026-02-22T17:44:30,0.047198,pill
2026-02-22T17:44:30,0.047198,pill
2026-02-22T17:44:31,0.047198,pill
2026-02-22T17:44:31,0.046340,pill
2026-02-22T17:44:31,0.047198,pill
2026-02-22T17:44:31,0.047198,pill
2026-02-22T17:44:32,0.047198,pill
2026-02-22T17:44:32,0.047198,pill
2026-02-22T17:44:32,0.047198,pill
2026-02-22T17:44:32,0.047198,pill
2026-02-22T17:44:33,0.047198,pill
2026-02-22T17:44:33,0.047198,pill
2026-02-22T17:44:33,0.046340,pill
2026-02-22T17:44:33,0.047198,pill
2026-02-22T17:44:34,0.047198,pill
2026-02-22T17:44:34,0.047198,pill
2026-02-22T17:44:34,0.047198,pill
2026-02-22T17:44:34,0.047198,pill
2026-02-22T17:44:35,0.047198,pill
2026-02-22T17:44:35,0.047198,pill
2026-02-22T17:44:35,0.047198,pill
2026-02-22T17:44:35,0.046340,pill
2026-02-22T17:44:36,0.047027,pill
2026-02-22T17:44:36,0.047198,pill
2026-02-22T17:44:36,0.047198,pill
2026-02-22T17:44:36,0.047198,pill
2026-02-22T17:44:37,0.047198,pill
2026-02-22T17:44:37,0.047198,pill
2026-02-22T17:44:37,0.047198,pill
2026-02-22T17:44:37,0.047198,pill
2026-02-22T17:44:38,0.047198,pill
2026-02-22T17:44:38,0.047198,pill
2026-02-22T17:44:38,0.047198,pill
2026-02-22T17:44:38,0.047198,pill
2026-02-22T17:44:39,0.047198,pill
2026-02-22T17:44:39,0.047198,pill
2026-02-22T17:44:39,0.047198,pill
2026-02-22T17:44:39,0.047198,pill
2026-02-22T17:44:40,0.047198,pill
2026-02-22T17:44:40,0.047198,pill
2026-02-22T17:44:40,0.047198,pill
2026-02-22T17:44:40,0.046340,pill
2026-02-22T17:44:41,0.046340,pill
2026-02-22T17:44:41,0.047198,pill
2026-02-22T17:44:41,0.047198,pill
2026-02-22T17:44:41,0.047198,pill
2026-02-22T17:44:42,0.047198,pill
2026-02-22T17:44:42,0.047198,pill
2026-02-22T17:44:42,0.046340,pill
2026-02-22T17:44:42,0.046340,pill
2026-02-22T17:44:43,0.047198,pill
2026-02-22T17:44:43,0.047198,pill
2026-02-22T17:44:43,0.047198,pill
2026-02-22T17:44:43,0.047198,pill
2026-02-22T17:44:44,0.047198,pill
2026-02-22T17:44:44,0.047198,pill
2026-02-22T17:44:44,0.047198,pill
2026-02-22T17:44:44,0.047198,pill
2026-02-22T17:44:45,0.047198,pill
2026-02-22T17:44:45,0.047198,pill
2026-02-22T17:44:45,0.046340,pill
2026-02-22T17:44:45,0.046340,pill
2026-02-22T17:44:46,0.047198,pill
2026-02-22T17:44:46,0.047198,pill
2026-02-22T17:44:46,0.047198,pill
2026-02-22T17:44:46,0.047198,pill
2026-02-22T17:44:47,0.047198,pill
2026-02-22T17:44:47,0.047198,pill
2026-02-22T17:44:47,0.047198,pill
2026-02-22T17:44:47,0.047198,pill
2026-02-22T17:44:48,0.047198,pill
2026-02-22T17:44:48,0.047198,pill
2026-02-22T17:44:48,0.047198,pill
2026-02-22T17:44:48,0.060070,pill
2026-02-22T17:44:49,0.069510,pill
2026-02-22T17:44:49,0.069510,pill
2026-02-22T17:44:49,0.069510,pill
2026-02-22T17:44:49,0.069510,pill
2026-02-22T17:44:50,0.069510,pill
2026-02-22T17:44:50,0.069510,pill
2026-02-22T17:44:50,0.069510,pill
2026-02-22T17:44:50,0.069510,pill
2026-02-22T17:44:51,0.069510,pill
2026-02-22T17:44:51,0.069510,pill
2026-02-22T17:44:51,0.069510,pill
2026-02-22T17:44:51,0.069510,pill
2026-02-22T17:44:52,0.069510,pill
2026-02-22T17:44:52,0.069510,pill
2026-02-22T17:44:52,0.069510,pill
2026-02-22T17:44:52,0.082382,pill
2026-02-22T17:44:53,2.474046,pill
2026-02-22T17:44:53,4.000000,pill
2026-02-22T17:44:53,4.000000,pill
2026-02-22T17:44:53,4.000000,pill
2026-02-22T17:44:54,4.000000,pill
2026-02-22T17:44:54,4.000000,pill
2026-02-22T17:44:54,4.000000,pill
2026-02-22T17:44:54,4.000000,pill
2026-02-22T17:44:55,4.000000,pill
2026-02-22T17:44:55,4.000000,pill
2026-02-22T17:44:55,0.072943,pill
2026-02-22T17:44:55,0.040333,pill
2026-02-22T17:44:56,0.040333,pill
2026-02-22T17:44:56,0.085815,pill
2026-02-22T17:44:56,0.040333,pill
2026-02-22T17:44:56,0.040333,pill
2026-02-22T17:44:57,0.040333,pill
2026-02-22T17:44:57,0.040333,pill
2026-02-22T17:44:57,0.040333,pill
2026-02-22T17:44:57,0.040333,pill
2026-02-22T17:44:58,0.040333,pill
2026-02-22T17:44:58,0.040333,pill
2026-02-22T17:44:58,0.040333,pill
2026-02-22T17:44:58,0.040333,pill
2026-02-22T17:44:59,0.041191,pill
2026-02-22T17:44:59,0.041191,pill
2026-02-22T17:44:59,0.040333,pill
2026-02-22T17:44:59,0.040333,pill
2026-02-22T17:45:00,0.040333,pill
2026-02-22T17:45:00,0.040333,pill
2026-02-22T17:45:00,0.085815,pill
2026-02-22T17:45:00,0.085815,pill
2026-02-22T17:45:01,0.085643,pill
2026-02-22T17:45:01,0.040333,pill
2026-02-22T17:45:01,0.040333,pill
2026-02-22T17:45:01,0.040333,pill
2026-02-22T17:45:02,0.040333,pill
2026-02-22T17:45:02,0.040333,pill
2026-02-22T17:45:02,0.040333,pill
2026-02-22T17:45:02,0.040333,pill
2026-02-22T17:45:03,0.040333,pill
2026-02-22T17:45:03,0.040333,pill
2026-02-22T17:45:03,0.040333,pill
2026-02-22T17:45:03,0.040333,pill
2026-02-22T17:45:04,0.040333,pill
2026-02-22T17:45:04,0.040333,pill
2026-02-22T17:45:04,0.040333,pill
2026-02-22T17:45:04,0.040333,pill
2026-02-22T17:45:05,0.040333,pill
2026-02-22T17:45:05,0.040333,pill
2026-02-22T17:45:05,0.040333,pill
2026-02-22T17:45:05,0.040333,pill
2026-02-22T17:45:06,0.040333,pill
2026-02-22T17:45:06,0.040505,pill
2026-02-22T17:45:06,0.040333,pill
2026-02-22T17:45:06,0.040333,pill
2026-02-22T17:45:07,0.040333,pill
2026-02-22T17:45:07,0.040333,pill
2026-02-22T17:45:07,0.040333,pill
2026-02-22T17:45:07,0.040333,pill
2026-02-22T17:45:08,0.040333,pill
2026-02-22T17:45:08,0.085815,pill
2026-02-22T17:45:08,0.085815,pill
2026-02-22T17:45:08,0.085815,pill
2026-02-22T17:45:09,0.041191,pill
2026-02-22T17:45:09,0.085815,pill
2026-02-22T17:45:09,0.085815,pill
2026-02-22T17:45:09,0.085815,pill
2026-02-22T17:45:10,0.085815,pill
2026-02-22T17:45:10,0.085815,pill
2026-02-22T17:45:10,0.085815,pill
2026-02-22T17:45:10,0.085815,pill
2026-02-22T17:45:11,0.085815,pill
2026-02-22T17:45:11,0.041191,pill
2026-02-22T17:45:11,0.085815,pill
2026-02-22T17:45:11,0.085815,pill
2026-02-22T17:45:12,0.085815,pill
2026-02-22T17:45:12,0.047198,pill
2026-02-22T17:45:12,0.024028,pill
2026-02-22T17:45:12,0.024028,pill
2026-02-22T17:45:13,0.024028,pill
2026-02-22T17:45:13,0.024028,pill
2026-02-22T17:45:13,0.024028,pill
2026-02-22T17:45:13,0.024028,pill
2026-02-22T17:45:14,0.024028,pill
2026-02-22T17:45:14,0.024028,pill
2026-02-22T17:45:14,0.024028,pill
2026-02-22T17:45:14,0.024028,pill
2026-02-22T17:45:15,0.024028,pill
2026-02-22T17:45:15,0.024028,pill
2026-02-22T17:45:15,0.024028,pill
2026-02-22T17:45:15,0.024028,pill
2026-02-22T17:45:16,0.024028,pill
2026-02-22T17:45:16,0.024028,pill
2026-02-22T17:45:16,0.024028,pill
2026-02-22T17:45:16,0.024028,pill
2026-02-22T17:45:17,0.024028,pill
2026-02-22T17:45:17,0.024028,pill
2026-02-22T17:45:17,0.024028,pill
2026-02-22T17:45:17,0.024028,pill
2026-02-22T17:45:18,0.024028,pill
2026-02-22T17:45:18,0.024028,pill
2026-02-22T17:45:18,0.024886,pill
2026-02-22T17:45:18,0.024028,pill
2026-02-22T17:45:19,0.024028,pill
2026-02-22T17:45:19,0.024028,pill
2026-02-22T17:45:19,0.024028,pill
2026-02-22T17:45:19,0.024028,pill
2026-02-22T17:45:20,0.024028,pill
2026-02-22T17:45:20,0.024028,pill
2026-02-22T17:45:20,0.024028,pill
2026-02-22T17:45:20,0.024028,pill
2026-02-22T17:45:21,0.024028,pill
2026-02-22T17:45:21,0.024028,pill
2026-02-22T17:45:21,0.024028,pill
2026-02-22T17:45:21,0.024028,pill
2026-02-22T17:45:22,0.024028,pill
2026-02-22T17:45:22,0.024028,pill
2026-02-22T17:45:22,0.024028,pill
2026-02-22T17:45:22,0.024028,pill
2026-02-22T17:45:23,0.024028,pill
2026-02-22T17:45:23,0.024028,pill
2026-02-22T17:45:23,0.024028,pill
2026-02-22T17:45:23,0.024028,pill
2026-02-22T17:45:24,0.024028,pill
2026-02-22T17:45:24,0.024028,pill
2026-02-22T17:45:24,0.024886,pill
2026-02-22T17:45:24,0.024028,pill
2026-02-22T17:45:25,0.024028,pill
2026-02-22T17:45:25,0.024028,pill
2026-02-22T17:45:25,0.024028,pill
2026-02-22T17:45:25,0.024028,pill
2026-02-22T17:45:26,0.024028,pill
2026-02-22T17:45:26,0.024028,pill
2026-02-22T17:45:26,0.024028,pill
2026-02-22T17:45:26,0.024028,pill
2026-02-22T17:45:27,0.024028,pill
2026-02-22T17:45:27,0.024028,pill
2026-02-22T17:45:27,0.024028,pill
2026-02-22T17:45:27,0.024028,pill
2026-02-22T17:45:28,0.024028,pill
2026-02-22T17:45:28,0.024028,pill
2026-02-22T17:45:28,0.024028,pill
2026-02-22T17:45:28,0.024028,pill
2026-02-22T17:45:29,0.024028,pill
2026-02-22T17:45:29,0.024028,pill
2026-02-22T17:45:29,0.024028,pill
2026-02-22T17:45:29,0.024028,pill
2026-02-22T17:45:30,0.024028,pill
2026-02-22T17:45:30,0.024028,pill
2026-02-22T17:45:30,0.024028,pill
2026-02-22T17:45:30,0.024028,pill
2026-02-22T17:45:31,0.024028,pill
2026-02-22T17:45:31,0.024028,pill
2026-02-22T17:45:31,0.024028,pill
2026-02-22T17:45:31,0.024028,pill
2026-02-22T17:45:32,0.024028,pill
2026-02-22T17:45:32,0.024028,pill
2026-02-22T17:45:32,0.024028,pill
2026-02-22T17:45:32,0.024028,pill
2026-02-22T17:45:33,0.024028,pill
2026-02-22T17:45:33,0.024028,pill
2026-02-22T17:45:33,0.024028,pill
2026-02-22T17:45:33,0.024200,pill
2026-02-22T17:45:34,0.024028,pill
2026-02-22T17:45:34,0.024028,pill
2026-02-22T17:45:34,0.024028,pill
2026-02-22T17:45:35,0.024028,pill
2026-02-22T17:45:35,0.024028,pill
2026-02-22T17:45:35,0.024028,pill
2026-02-22T17:45:35,0.024028,pill
2026-02-22T17:45:36,0.024028,pill
2026-02-22T17:45:36,0.024028,pill
2026-02-22T17:45:36,0.024028,pill
2026-02-22T17:45:36,0.024028,pill
2026-02-22T17:45:37,0.024028,pill
2026-02-22T17:45:37,0.024028,pill
2026-02-22T17:45:37,0.024028,pill
2026-02-22T17:45:37,0.024028,pill
2026-02-22T17:45:38,0.024028,pill
2026-02-22T17:45:38,0.024028,pill
2026-02-22T17:45:59,0.030893,pill
2026-02-22T17:46:00,0.030893,pill
2026-02-22T17:46:00,0.030893,pill
2026-02-22T17:46:00,0.030893,pill
2026-02-22T17:46:01,0.030893,pill
2026-02-22T17:46:01,0.030893,pill
2026-02-22T17:46:01,0.030893,pill
2026-02-22T17:46:01,0.030893,pill
2026-02-22T17:46:02,0.030893,pill
2026-02-22T17:46:02,0.030893,pill
2026-02-22T17:46:02,0.030893,pill
2026-02-22T17:46:02,0.030893,pill
2026-02-22T17:46:03,0.030893,pill
2026-02-22T17:46:03,0.030893,pill
2026-02-22T17:46:03,0.030893,pill
2026-02-22T17:46:03,0.030893,pill
2026-02-22T17:46:04,0.030893,pill
2026-02-22T17:46:04,0.030893,pill
2026-02-22T17:46:04,0.030893,pill
2026-02-22T17:46:04,0.030893,pill
2026-02-22T17:46:05,0.030893,pill
2026-02-22T17:46:05,0.030893,pill
2026-02-22T17:46:05,0.030893,pill
2026-02-22T17:46:05,0.030893,pill
2026-02-22T17:46:06,0.030893,pill
2026-02-22T17:46:06,0.030893,pill
2026-02-22T17:46:06,0.030893,pill
2026-02-22T17:46:06,0.030893,pill
2026-02-22T17:46:07,0.030893,pill
2026-02-22T17:46:07,0.030893,pill
2026-02-22T17:46:07,0.030893,pill
2026-02-22T17:46:07,0.030893,pill
2026-02-22T17:46:08,0.030893,pill
2026-02-22T17:46:08,0.030893,pill
2026-02-22T17:46:08,0.030893,pill
2026-02-22T17:46:08,0.030893,pill
2026-02-22T17:46:09,0.030893,pill
2026-02-22T17:46:09,0.030893,pill
2026-02-22T17:46:09,0.030893,pill
2026-02-22T17:46:09,0.030893,pill
2026-02-22T17:46:10,0.030893,pill
2026-02-22T17:46:10,0.030893,pill
2026-02-22T17:46:10,0.030893,pill
2026-02-22T17:46:10,0.030893,pill
2026-02-22T17:46:11,0.030893,pill
2026-02-22T17:46:11,0.030893,pill
2026-02-22T17:46:11,0.030893,pill
2026-02-22T17:46:11,0.030893,pill
2026-02-22T17:46:12,0.030893,pill
2026-02-22T17:46:12,0.030893,pill
2026-02-22T17:46:12,0.030893,pill
2026-02-22T17:46:12,0.030893,pill
2026-02-22T17:46:13,0.030893,pill
2026-02-22T17:46:13,0.030893,pill
2026-02-22T17:46:13,0.030893,pill
2026-02-22T17:46:13,0.030893,pill
2026-02-22T17:46:14,0.030893,pill
2026-02-22T17:46:14,0.030893,pill
2026-02-22T17:46:14,0.030893,pill
2026-02-22T17:46:14,0.030893,pill
2026-02-22T17:46:15,0.030893,pill
2026-02-22T17:46:15,0.030893,pill
2026-02-22T17:46:15,0.030893,pill
2026-02-22T17:46:15,0.030893,pill
2026-02-22T17:46:16,0.030893,pill
2026-02-22T17:46:16,0.030893,pill
2026-02-22T17:46:16,0.027461,pill
2026-02-22T17:46:16,0.027461,pill
2026-02-22T17:46:17,0.027461,pill
2026-02-22T17:46:17,0.027461,pill
2026-02-22T17:46:17,0.027461,pill
2026-02-22T17:46:17,0.027461,pill
2026-02-22T17:46:18,0.027461,pill
2026-02-22T17:46:18,0.027461,pill
2026-02-22T17:46:18,0.027461,pill
2026-02-22T17:46:18,0.027461,pill
2026-02-22T17:46:19,0.027461,pill
2026-02-22T17:46:19,0.027461,pill
2026-02-22T17:46:19,0.027461,pill
2026-02-22T17:46:19,0.027461,pill
2026-02-22T17:46:20,0.027461,pill
2026-02-22T17:46:20,0.027461,pill
2026-02-22T17:46:20,0.027461,pill
2026-02-22T17:46:20,0.027461,pill
2026-02-22T17:46:21,0.027461,pill
2026-02-22T17:46:21,0.027461,pill
2026-02-22T17:46:21,0.027461,pill
2026-02-22T17:46:21,0.027461,pill
2026-02-22T17:46:22,0.027461,pill
2026-02-22T17:46:22,0.027461,pill
2026-02-22T17:46:22,0.027461,pill
2026-02-22T17:46:22,0.027461,pill
2026-02-22T17:46:23,0.027461,pill
2026-02-22T17:46:23,0.027461,pill
2026-02-22T17:46:23,0.027461,pill
2026-02-22T17:46:23,0.027461,pill
2026-02-22T17:46:24,0.027461,pill
2026-02-22T17:46:24,0.027461,pill
2026-02-22T17:46:24,0.027461,pill
2026-02-22T17:46:24,0.027461,pill
2026-02-22T17:46:25,0.027461,pill
2026-02-22T17:46:25,0.027461,pill
2026-02-22T17:46:25,0.027461,pill
2026-02-22T17:46:25,0.027461,pill
2026-02-22T17:46:26,0.027461,pill
2026-02-22T17:46:26,0.027461,pill
2026-02-22T17:46:26,0.027461,pill
2026-02-22T17:46:26,0.027461,pill
2026-02-22T17:46:27,0.027461,pill
2026-02-22T17:46:27,0.027461,pill
2026-02-22T17:46:27,0.027461,pill
2026-02-22T17:46:27,0.027461,pill
2026-02-22T17:46:28,0.027461,pill
2026-02-22T17:46:28,0.027461,pill
2026-02-22T17:46:28,0.027461,pill
2026-02-22T17:46:28,0.027461,pill
2026-02-22T17:46:29,0.027461,pill
2026-02-22T17:46:29,0.027461,pill
2026-02-22T17:46:29,0.027461,pill
2026-02-22T17:46:29,0.027461,pill
2026-02-22T17:46:30,0.027461,pill
2026-02-22T17:46:30,0.027461,pill
2026-02-22T17:46:30,0.027461,pill
2026-02-22T17:46:30,0.027461,pill
2026-02-22T17:46:31,0.027461,pill
2026-02-22T17:46:31,0.027461,pill
2026-02-22T17:46:31,0.027461,pill
2026-02-22T17:46:31,0.027461,pill
2026-02-22T17:46:32,0.027461,pill
2026-02-22T17:46:32,0.027461,pill
2026-02-22T17:46:32,0.027461,pill
2026-02-22T17:46:32,0.027461,pill
2026-02-22T17:46:33,0.027461,pill
2026-02-22T17:46:33,0.027461,pill
2026-02-22T17:46:33,0.027461,pill
2026-02-22T17:46:33,0.027461,pill
2026-02-22T17:46:34,0.027461,pill
2026-02-22T17:46:34,0.027461,pill
2026-02-22T17:46:34,0.027461,pill
2026-02-22T17:46:34,0.027461,pill
2026-02-22T17:46:35,0.027461,pill
2026-02-22T17:46:35,0.027461,pill
2026-02-22T17:46:35,0.027461,pill
2026-02-22T17:46:35,0.027461,pill
2026-02-22T17:46:36,0.027461,pill
2026-02-22T17:46:36,0.027461,pill
2026-02-22T17:46:36,0.027461,pill
2026-02-22T17:46:36,0.027461,pill
2026-02-22T17:46:37,0.027461,pill
2026-02-22T17:46:37,0.027461,pill
2026-02-22T17:46:37,0.027461,pill
2026-02-22T17:46:37,0.027461,pill
2026-02-22T17:46:38,0.027461,pill
2026-02-22T17:46:38,0.027461,pill
2026-02-22T17:46:38,0.027461,pill
2026-02-22T17:46:38,0.027461,pill
2026-02-22T17:46:39,0.027461,pill
2026-02-22T17:46:39,0.027461,pill
2026-02-22T17:46:39,0.027461,pill
2026-02-22T17:46:39,0.027461,pill
2026-02-22T17:46:40,0.027461,pill
2026-02-22T17:46:40,0.027461,pill
2026-02-22T17:46:40,0.027461,pill
2026-02-22T17:46:40,0.027461,pill
2026-02-22T17:46:41,0.028319,pill
2026-02-22T17:46:41,0.033468,pill
2026-02-22T17:46:41,0.027461,pill
2026-02-22T17:46:41,0.027461,pill
2026-02-22T17:46:42,0.040333,pill
2026-02-22T17:46:42,0.040333,pill
2026-02-22T17:46:42,0.040333,pill
2026-02-22T17:46:42,0.040333,pill
2026-02-22T17:46:43,0.040333,pill
2026-02-22T17:46:43,0.040333,pill
2026-02-22T17:46:43,0.040333,pill
2026-02-22T17:46:43,0.040333,pill
2026-02-22T17:46:44,0.040333,pill
2026-02-22T17:46:44,0.040333,pill
2026-02-22T17:46:44,0.040333,pill
2026-02-22T17:46:44,0.040333,pill
2026-02-22T17:46:45,0.040333,pill
2026-02-22T17:46:45,0.040333,pill
2026-02-22T17:46:45,0.040333,pill
2026-02-22T17:46:45,0.040333,pill
2026-02-22T17:46:46,0.040333,pill
2026-02-22T17:46:46,0.040333,pill
2026-02-22T17:46:46,0.040333,pill
2026-02-22T17:46:46,0.040333,pill
2026-02-22T17:46:47,0.040333,pill
2026-02-22T17:46:47,0.040333,pill
2026-02-22T17:46:47,0.040333,pill
2026-02-22T17:46:47,0.040333,pill
2026-02-22T17:46:48,0.040333,pill
2026-02-22T17:46:48,0.040333,pill
2026-02-22T17:46:48,0.040333,pill
2026-02-22T17:46:48,0.040333,pill
2026-02-22T17:46:49,0.040333,pill
2026-02-22T17:46:49,0.040333,pill
2026-02-22T17:46:49,0.040333,pill
2026-02-22T17:46:49,0.040333,pill
2026-02-22T17:46:50,0.040333,pill
2026-02-22T17:46:50,0.040333,pill
2026-02-22T17:46:50,0.040333,pill
2026-02-22T17:46:50,0.040333,pill
2026-02-22T17:46:51,0.040333,pill
2026-02-22T17:46:51,0.040333,pill
2026-02-22T17:46:51,0.040333,pill
2026-02-22T17:46:51,0.040333,pill
2026-02-22T17:46:52,0.040333,pill
2026-02-22T17:46:52,0.040333,pill
2026-02-22T17:46:52,0.040333,pill
2026-02-22T17:46:52,0.040333,pill
2026-02-22T17:46:53,0.040333,pill
2026-02-22T17:46:53,0.040333,pill
2026-02-22T17:46:53,0.040333,pill
2026-02-22T17:46:53,0.040333,pill
2026-02-22T17:46:54,0.040333,pill
2026-02-22T17:46:54,0.040333,pill
2026-02-22T17:46:54,0.040333,pill
2026-02-22T17:46:54,0.040333,pill
2026-02-22T17:46:55,0.040333,pill
2026-02-22T17:46:55,0.040333,pill
2026-02-22T17:46:55,0.040333,pill
2026-02-22T17:46:55,0.040333,pill
2026-02-22T17:46:56,0.040333,pill
2026-02-22T17:46:56,0.040333,pill
2026-02-22T17:46:56,0.040333,pill
2026-02-22T17:46:56,0.040333,pill
2026-02-22T17:46:57,0.040333,pill
2026-02-22T17:46:57,0.040333,pill
2026-02-22T17:46:57,0.040333,pill
2026-02-22T17:46:57,0.040333,pill
2026-02-22T17:46:58,0.040333,pill
2026-02-22T17:46:58,0.040333,pill
2026-02-22T17:46:58,0.040333,pill
2026-02-22T17:46:58,0.040333,pill
2026-02-22T17:46:59,0.040333,pill
2026-02-22T17:46:59,0.040333,pill
2026-02-22T17:46:59,0.040333,pill
2026-02-22T17:46:59,0.040333,pill
2026-02-22T17:47:00,0.040333,pill
2026-02-22T17:47:00,0.040333,pill
2026-02-22T17:47:00,0.040333,pill
2026-02-22T17:47:00,0.040333,pill
2026-02-22T17:47:01,0.040333,pill
2026-02-22T17:47:01,0.040333,pill
2026-02-22T17:47:01,0.036900,pill
2026-02-22T17:47:01,0.047198,pill
2026-02-22T17:47:02,0.060070,pill
2026-02-22T17:47:02,0.060070,pill
2026-02-22T17:47:02,0.060070,pill
2026-02-22T17:47:02,0.060070,pill
2026-02-22T17:47:03,0.060070,pill
2026-02-22T17:47:03,0.060070,pill
2026-02-22T17:47:03,0.060070,pill
2026-02-22T17:47:03,0.060070,pill
2026-02-22T17:47:04,0.060070,pill
2026-02-22T17:47:04,0.060070,pill
2026-02-22T17:47:04,0.060070,pill
2026-02-22T17:47:04,0.060070,pill
2026-02-22T17:47:05,0.060070,pill
2026-02-22T17:47:05,0.060070,pill
2026-02-22T17:47:05,0.060070,pill
2026-02-22T17:47:05,0.060070,pill
2026-02-22T17:47:06,0.060070,pill
2026-02-22T17:47:06,0.060070,pill
2026-02-22T17:47:06,0.060070,pill
2026-02-22T17:47:06,0.060070,pill
2026-02-22T17:47:07,0.060070,pill
2026-02-22T17:47:07,0.060070,pill
2026-02-22T17:47:07,0.060070,pill
2026-02-22T17:47:07,0.060070,pill
2026-02-22T17:47:08,0.060070,pill
2026-02-22T17:47:08,0.069510,pill
2026-02-22T17:47:08,0.082382,pill
2026-02-22T17:47:08,0.085815,pill
2026-02-22T17:47:09,0.085815,pill
2026-02-22T17:47:09,0.085815,pill
2026-02-22T17:47:09,0.085815,pill
2026-02-22T17:47:09,0.085815,pill
2026-02-22T17:47:10,0.085815,pill
2026-02-22T17:47:10,0.085815,pill
2026-02-22T17:47:10,0.085815,pill
2026-02-22T17:47:10,0.085815,pill
2026-02-22T17:47:11,0.085815,pill
2026-02-22T17:47:11,0.085815,pill
2026-02-22T17:47:11,0.085815,pill
2026-02-22T17:47:11,0.085815,pill
2026-02-22T17:47:12,0.085987,pill
2026-02-22T17:47:12,0.085815,pill
2026-02-22T17:47:12,0.085815,pill
2026-02-22T17:47:12,0.085815,pill
2026-02-22T17:47:13,0.085643,pill
2026-02-22T17:47:13,0.054063,pill
2026-02-22T17:47:13,0.053377,pill
2026-02-22T17:47:13,0.053205,pill
2026-02-22T17:47:14,0.053205,pill
2026-02-22T17:47:14,0.053205,pill
2026-02-22T17:47:14,0.053205,pill
2026-02-22T17:47:14,0.053205,pill
2026-02-22T17:47:15,0.053205,pill
2026-02-22T17:47:15,0.053205,pill
2026-02-22T17:47:15,0.053205,pill
2026-02-22T17:47:15,0.053205,pill
2026-02-22T17:47:16,0.053205,pill
2026-02-22T17:47:16,0.053205,pill
2026-02-22T17:47:16,0.053205,pill
2026-02-22T17:47:16,0.053205,pill
2026-02-22T17:47:17,0.053205,pill
2026-02-22T17:47:17,0.053205,pill
2026-02-22T17:47:17,0.053377,pill
2026-02-22T17:47:17,0.053377,pill
2026-02-22T17:47:18,0.053205,pill
2026-02-22T17:47:18,0.053205,pill
2026-02-22T17:47:18,0.053205,pill
2026-02-22T17:47:18,0.053205,pill
2026-02-22T17:47:19,0.053377,pill
2026-02-22T17:47:19,0.053205,pill
2026-02-22T17:47:19,0.053205,pill
2026-02-22T17:47:19,0.053205,pill
2026-02-22T17:47:20,0.053205,pill
2026-02-22T17:47:20,0.053205,pill
2026-02-22T17:47:20,0.053205,pill
2026-02-22T17:47:20,0.053205,pill
2026-02-22T17:47:21,0.053205,pill
2026-02-22T17:47:21,0.054063,pill
2026-02-22T17:47:21,0.054063,pill
2026-02-22T17:47:21,0.053205,pill
2026-02-22T17:47:22,0.053205,pill
2026-02-22T17:47:22,0.053205,pill
2026-02-22T17:47:22,0.053205,pill
2026-02-22T17:47:22,0.053205,pill
2026-02-22T17:47:23,0.053205,pill
2026-02-22T17:47:23,0.053205,pill
2026-02-22T17:47:23,0.054063,pill
2026-02-22T17:47:23,0.054063,pill
2026-02-22T17:47:24,0.053205,pill
2026-02-22T17:47:24,0.054063,pill
2026-02-22T17:47:24,0.053205,pill
2026-02-22T17:47:25,0.053205,pill
2026-02-22T17:47:25,0.053205,pill
2026-02-22T17:47:25,0.053205,pill
2026-02-22T17:47:25,0.054063,pill
2026-02-22T17:47:26,0.054063,pill
2026-02-22T17:47:26,0.054063,pill
2026-02-22T17:47:26,0.053205,pill
2026-02-22T17:47:26,0.053205,pill
2026-02-22T17:47:27,0.053205,pill
2026-02-22T17:47:27,0.053205,pill
2026-02-22T17:47:27,0.054063,pill
2026-02-22T17:47:27,0.053205,pill
2026-02-22T17:47:28,0.053205,pill
2026-02-22T17:47:28,0.053205,pill
2026-02-22T17:47:28,0.053205,pill
2026-02-22T17:47:28,0.053205,pill
2026-02-22T17:47:29,0.053205,pill
2026-02-22T17:47:29,0.053205,pill
2026-02-22T17:47:29,0.053205,pill
2026-02-22T17:47:29,0.053205,pill
2026-02-22T17:47:30,0.053205,pill
2026-02-22T17:47:30,0.053205,pill
2026-02-22T17:47:30,0.053205,pill
2026-02-22T17:47:30,0.053205,pill
2026-02-22T17:47:31,0.053205,pill
2026-02-22T17:47:31,0.054063,pill
2026-02-22T17:47:31,0.054063,pill
2026-02-22T17:47:31,0.053205,pill
2026-02-22T17:47:32,0.053205,pill
2026-02-22T17:47:32,0.053205,pill
2026-02-22T17:47:32,0.053205,pill
2026-02-22T17:47:32,0.053205,pill
2026-02-22T17:47:33,0.053205,pill
2026-02-22T17:47:33,0.053205,pill
2026-02-22T17:47:33,0.053205,pill
2026-02-22T17:47:33,0.053205,pill
2026-02-22T17:47:34,0.053205,pill
2026-02-22T17:47:34,0.053205,pill
2026-02-22T17:47:34,0.053205,pill
2026-02-22T17:47:34,0.053205,pill
2026-02-22T17:47:35,0.054063,pill
2026-02-22T17:47:35,0.053205,pill
2026-02-22T17:47:35,0.053205,pill
2026-02-22T17:47:35,0.053205,pill
2026-02-22T17:47:36,0.054063,pill
2026-02-22T17:47:36,0.053205,pill
2026-02-22T17:47:36,0.053205,pill
2026-02-22T17:47:36,0.053205,pill
2026-02-22T17:47:37,0.053205,pill
2026-02-22T17:47:37,0.053205,pill
2026-02-22T17:47:37,0.053205,pill
2026-02-22T17:47:37,0.053205,pill
2026-02-22T17:47:38,0.053205,pill
2026-02-22T17:47:38,0.054063,pill
2026-02-22T17:47:38,0.053205,pill
2026-02-22T17:47:38,0.053205,pill
2026-02-22T17:47:39,0.054063,pill
2026-02-22T17:47:39,0.073801,pill
2026-02-22T17:47:39,0.072943,pill
2026-02-22T17:47:39,0.072943,pill
2026-02-22T17:47:40,0.072943,pill
2026-02-22T17:47:40,0.072943,pill
2026-02-22T17:47:40,0.072943,pill
2026-02-22T17:47:40,0.072943,pill
2026-02-22T17:47:41,0.072943,pill
2026-02-22T17:47:41,0.072943,pill
2026-02-22T17:47:41,0.072943,pill
2026-02-22T17:47:41,0.072943,pill
2026-02-22T17:47:42,0.072943,pill
2026-02-22T17:47:42,0.072943,pill
2026-02-22T17:47:42,0.072943,pill
2026-02-22T17:47:42,0.060070,pill
2026-02-22T17:47:43,0.047198,pill
2026-02-22T17:47:43,0.063503,pill
2026-02-22T17:47:43,0.060070,pill
2026-02-22T17:47:43,0.060070,pill
2026-02-22T17:47:44,0.060070,pill
2026-02-22T17:47:44,0.060070,pill
2026-02-22T17:47:44,0.060070,pill
2026-02-22T17:47:44,0.060070,pill
2026-02-22T17:47:45,0.060070,pill
2026-02-22T17:47:45,0.060070,pill
2026-02-22T17:47:45,0.060070,pill
2026-02-22T17:47:45,0.060242,pill
2026-02-22T17:47:46,0.060070,pill
2026-02-22T17:47:46,0.060070,pill
2026-02-22T17:47:46,0.060070,pill
2026-02-22T17:47:46,0.060070,pill
2026-02-22T17:47:47,0.060070,pill
2026-02-22T17:47:47,0.060070,pill
2026-02-22T17:47:47,0.060070,pill
2026-02-22T17:47:47,0.060070,pill
2026-02-22T17:47:48,0.060070,pill
2026-02-22T17:47:48,0.060070,pill
2026-02-22T17:47:48,0.060070,pill
2026-02-22T17:47:48,0.060070,pill
2026-02-22T17:47:49,0.043766,pill
2026-02-22T17:47:49,0.033468,pill
2026-02-22T17:47:49,0.021454,pill
2026-02-22T17:47:49,0.030893,pill
2026-02-22T17:47:50,0.049773,pill
2026-02-22T17:47:50,0.047198,pill
2026-02-22T17:47:50,0.047198,pill
2026-02-22T17:47:50,0.047198,pill
2026-02-22T17:47:51,0.047198,pill
2026-02-22T17:47:51,0.047198,pill
2026-02-22T17:47:51,0.047198,pill
2026-02-22T17:47:51,0.047198,pill
2026-02-22T17:47:52,0.047198,pill
2026-02-22T17:47:52,0.046340,pill
2026-02-22T17:47:52,0.046340,pill
2026-02-22T17:47:52,0.046340,pill
2026-02-22T17:47:53,0.047198,pill
2026-02-22T17:47:53,0.047198,pill
2026-02-22T17:47:53,0.047198,pill
2026-02-22T17:47:53,0.047198,pill
2026-02-22T17:47:54,0.047198,pill
2026-02-22T17:47:54,0.047198,pill
2026-02-22T17:47:54,0.046340,pill
2026-02-22T17:47:54,0.047198,pill
2026-02-22T17:47:55,0.046340,pill
2026-02-22T17:47:55,0.047198,pill
2026-02-22T17:47:55,0.047198,pill
2026-02-22T17:47:55,0.047198,pill
2026-02-22T17:47:56,0.047198,pill
2026-02-22T17:47:56,0.047198,pill
2026-02-22T17:47:56,0.047198,pill
2026-02-22T17:47:56,0.047198,pill
2026-02-22T17:47:57,0.047198,pill
2026-02-22T17:47:57,0.047198,pill
2026-02-22T17:47:57,0.047198,pill
2026-02-22T17:47:57,0.047198,pill
2026-02-22T17:47:58,0.047198,pill
2026-02-22T17:47:58,0.047198,pill
2026-02-22T17:47:58,0.047198,pill
2026-02-22T17:47:58,0.047198,pill
2026-02-22T17:47:59,0.047198,pill
2026-02-22T17:47:59,0.047198,pill
2026-02-22T17:47:59,0.047198,pill
2026-02-22T17:47:59,0.047198,pill
2026-02-22T17:48:00,0.047198,pill
2026-02-22T17:48:00,0.047198,pill
2026-02-22T17:48:00,0.047198,pill
2026-02-22T17:48:00,0.047198,pill
2026-02-22T17:48:01,0.047198,pill
2026-02-22T17:48:01,0.047198,pill
2026-02-22T17:48:01,0.047198,pill
2026-02-22T17:48:01,0.047198,pill
2026-02-22T17:48:02,0.047198,pill
2026-02-22T17:48:02,0.047198,pill
2026-02-22T17:48:02,0.047198,pill
2026-02-22T17:48:02,0.047198,pill
2026-02-22T17:48:03,0.047198,pill
2026-02-22T17:48:03,0.047198,pill
2026-02-22T17:48:03,0.047198,pill
2026-02-22T17:48:03,0.047198,pill
2026-02-22T17:48:04,0.047198,pill
2026-02-22T17:48:04,0.047198,pill
2026-02-22T17:48:04,0.047198,pill
2026-02-22T17:48:04,0.047198,pill
2026-02-22T17:48:05,0.047198,pill
2026-02-22T17:48:05,0.047198,pill
2026-02-22T17:48:05,0.047198,pill
2026-02-22T17:48:05,0.047198,pill
2026-02-22T17:48:06,0.047198,pill
2026-02-22T17:48:06,0.047198,pill
2026-02-22T17:48:06,0.047198,pill
2026-02-22T17:48:06,0.047198,pill
2026-02-22T17:48:07,0.047198,pill
2026-02-22T17:48:07,0.047198,pill
2026-02-22T17:48:07,0.047198,pill
2026-02-22T17:48:07,0.047198,pill
2026-02-22T17:48:08,0.047198,pill
2026-02-22T17:48:08,0.047198,pill
2026-02-22T17:48:08,0.047198,pill
2026-02-22T17:48:08,0.047198,pill
2026-02-22T17:48:09,0.047198,pill
2026-02-22T17:48:09,0.047198,pill
2026-02-22T17:48:09,0.047198,pill
2026-02-22T17:48:09,0.047198,pill
2026-02-22T17:48:10,0.047198,pill
2026-02-22T17:48:10,0.047198,pill
2026-02-22T17:48:10,0.047198,pill
2026-02-22T17:48:10,0.047198,pill
2026-02-22T17:48:11,0.046340,pill
2026-02-22T17:48:11,0.046340,pill
2026-02-22T17:48:11,0.047198,pill
2026-02-22T17:48:11,0.047198,pill
2026-02-22T17:48:12,0.047198,pill
2026-02-22T17:48:12,0.047198,pill
2026-02-22T17:48:12,0.047198,pill
2026-02-22T17:48:12,0.047198,pill
2026-02-22T17:48:13,0.047198,pill
